"","FreezingSNPs.df.gcontig__gcontig_pos","FreezingSNPs.df.gtcontig"
"1","C30177364_317_690__56","comp37445_c0_seq1"
"2","C32181708_15474_16543__569","comp6405_c0_seq1"
"3","C32532850_28577_42383__9342","comp10095_c0_seq1"
"4","C32532850_42633_45749__3100","comp10095_c0_seq1"
"5","C32557620_55842_67865__6929","comp3733_c0_seq1"
"6","C32570140_85047_92935__2929","comp13145_c1_seq1"
"7","scaffold111047_18861_22501__1262","comp6762_c0_seq1"
"8","scaffold172504.1_21453_26722__4601","comp1439_c0_seq1"
"9","scaffold18640.3_161167_171314__937","comp9415_c0_seq1"
"10","scaffold218405_8129_18684__7870","comp1063_c0_seq1"
"11","scaffold223322.1_29840_33381__554","comp28687_c0_seq1"
"12","scaffold311322_608390_613758__446","comp50758_c0_seq1"
"13","scaffold418329_38045_43983__1302","comp19776_c1_seq1"
"14","scaffold56506_173825_187975__4226","comp4611_c0_seq1"
"15","scaffold846121_57805_60304__1858","comp31135_c0_seq1"
"16","scaffold904243_54783_59958__840","comp45093_c0_seq1"
"17","tscaffold1076_162549_167575__2331","comp8237_c0_seq1"
"18","tscaffold1076_72299_77368__2163","comp8237_c0_seq1"
"19","tscaffold1310_170467_178369__2450","comp54619_c0_seq1"
"20","tscaffold16_740561_744437__3124","comp18_c0_seq1"
"21","tscaffold1962_232203_233472__1019","comp60064_c0_seq1"
"22","tscaffold1962_232203_233472__1047","comp60064_c0_seq1"
"23","tscaffold1962_232203_233472__1062","comp60064_c0_seq1"
"24","tscaffold1962_232203_233472__1067","comp60064_c0_seq1"
"25","tscaffold1962_232203_233472__1141","comp60064_c0_seq1"
"26","tscaffold1962_232203_233472__1233","comp60064_c0_seq1"
"27","tscaffold1962_232203_233472__707","comp60064_c0_seq1"
"28","tscaffold1962_232203_233472__780","comp60064_c0_seq1"
"29","tscaffold1962_232203_233472__835","comp60064_c0_seq1"
"30","tscaffold1962_232203_233472__852","comp60064_c0_seq1"
"31","tscaffold1962_233534_237733__1022","comp60064_c0_seq1"
"32","tscaffold1962_233534_237733__118","comp60064_c0_seq1"
"33","tscaffold1962_233534_237733__1192","comp60064_c0_seq1"
"34","tscaffold1962_233534_237733__1210","comp60064_c0_seq1"
"35","tscaffold1962_233534_237733__1249","comp60064_c0_seq1"
"36","tscaffold1962_233534_237733__1259","comp60064_c0_seq1"
"37","tscaffold1962_233534_237733__1383","comp60064_c0_seq1"
"38","tscaffold1962_233534_237733__1384","comp60064_c0_seq1"
"39","tscaffold1962_233534_237733__1431","comp60064_c0_seq1"
"40","tscaffold1962_233534_237733__1457","comp60064_c0_seq1"
"41","tscaffold1962_233534_237733__184","comp60064_c0_seq1"
"42","tscaffold1962_233534_237733__222","comp60064_c0_seq1"
"43","tscaffold1962_233534_237733__269","comp60064_c0_seq1"
"44","tscaffold1962_233534_237733__272","comp60064_c0_seq1"
"45","tscaffold1962_233534_237733__385","comp60064_c0_seq1"
"46","tscaffold1962_233534_237733__3888","comp60064_c0_seq1"
"47","tscaffold1962_233534_237733__3912","comp60064_c0_seq1"
"48","tscaffold1962_233534_237733__3939","comp60064_c0_seq1"
"49","tscaffold1962_233534_237733__4028","comp60064_c0_seq1"
"50","tscaffold1962_233534_237733__4061","comp60064_c0_seq1"
"51","tscaffold1962_233534_237733__407","comp60064_c0_seq1"
"52","tscaffold1962_233534_237733__4126","comp60064_c0_seq1"
"53","tscaffold1962_233534_237733__4138","comp60064_c0_seq1"
"54","tscaffold1962_233534_237733__422","comp60064_c0_seq1"
"55","tscaffold1962_233534_237733__479","comp60064_c0_seq1"
"56","tscaffold1962_233534_237733__493","comp60064_c0_seq1"
"57","tscaffold1962_233534_237733__556","comp60064_c0_seq1"
"58","tscaffold1962_233534_237733__654","comp60064_c0_seq1"
"59","tscaffold1962_233534_237733__66","comp60064_c0_seq1"
"60","tscaffold1962_233534_237733__760","comp60064_c0_seq1"
"61","tscaffold1962_233534_237733__773","comp60064_c0_seq1"
"62","tscaffold1962_233534_237733__779","comp60064_c0_seq1"
"63","tscaffold1962_233534_237733__815","comp60064_c0_seq1"
"64","tscaffold1962_233534_237733__88","comp60064_c0_seq1"
"65","tscaffold1962_233534_237733__897","comp60064_c0_seq1"
"66","tscaffold1962_233534_237733__930","comp60064_c0_seq1"
"67","tscaffold244_213087_224471__3299","comp21748_c0_seq1"
"68","tscaffold244_213087_224471__6597","comp21748_c0_seq1"
"69","tscaffold3400_439096_449060__2637","comp1305_c0_seq1"
"70","tscaffold4261_24200_28489__3260","comp29496_c0_seq1"
"71","tscaffold4278_492884_500556__4079","comp1180_c0_seq1"
"72","tscaffold4278_492884_500556__4136","comp1180_c0_seq1"
"73","tscaffold4278_492884_500556__6914","comp1180_c0_seq1"
"74","tscaffold4462_351294_363150__7294","comp15605_c0_seq1"
"75","tscaffold4462_380645_383488__810","comp67944_c0_seq1"
"76","tscaffold4462_416519_431222__10300","comp1011_c0_seq1"
"77","tscaffold5162_289682_297925__3931","comp10457_c0_seq1"
"78","tscaffold5421_50170_53156__1227","comp14168_c0_seq1"
"79","tscaffold551_213647_218671__260","comp1563_c0_seq1"
"80","tscaffold551_213647_218671__285","comp1563_c0_seq1"
"81","tscaffold551_213647_218671__305","comp1563_c0_seq1"
"82","tscaffold551_213647_218671__307","comp1563_c0_seq1"
"83","tscaffold551_213647_218671__354","comp1563_c0_seq1"
"84","tscaffold551_213647_218671__396","comp1563_c0_seq1"
"85","tscaffold551_213647_218671__660","comp1563_c0_seq1"
"86","tscaffold551_367965_370070__1008","comp73926_c0_seq1"
"87","tscaffold551_367965_370070__1092","comp73926_c0_seq1"
"88","tscaffold551_367965_370070__161","comp73926_c0_seq1"
"89","tscaffold551_367965_370070__183","comp73926_c0_seq1"
"90","tscaffold551_367965_370070__243","comp73926_c0_seq1"
"91","tscaffold551_367965_370070__340","comp73926_c0_seq1"
"92","tscaffold551_367965_370070__403","comp73926_c0_seq1"
"93","tscaffold551_367965_370070__441","comp73926_c0_seq1"
"94","tscaffold551_367965_370070__503","comp73926_c0_seq1"
"95","tscaffold551_367965_370070__595","comp73926_c0_seq1"
"96","tscaffold551_367965_370070__744","comp73926_c0_seq1"
"97","tscaffold551_367965_370070__793","comp73926_c0_seq1"
"98","tscaffold551_367965_370070__936","comp73926_c0_seq1"
"99","tscaffold551_373040_376175__1424","comp1563_c0_seq1"
"100","tscaffold551_373040_376175__1648","comp1563_c0_seq1"
"101","tscaffold551_373040_376175__1653","comp1563_c0_seq1"
"102","tscaffold551_373040_376175__1689","comp1563_c0_seq1"
"103","tscaffold551_373040_376175__1695","comp1563_c0_seq1"
"104","tscaffold551_373040_376175__1724","comp1563_c0_seq1"
"105","tscaffold551_373040_376175__2506","comp1563_c0_seq1"
"106","tscaffold551_373040_376175__2626","comp1563_c0_seq1"
"107","tscaffold551_373040_376175__2725","comp1563_c0_seq1"
"108","tscaffold551_373040_376175__2808","comp1563_c0_seq1"
"109","tscaffold551_373040_376175__2876","comp1563_c0_seq1"
"110","tscaffold551_373040_376175__2996","comp1563_c0_seq1"
"111","tscaffold7256_20238_32061__8618","comp9655_c0_seq1"
"112","tscaffold8430_48951_55827__4360","comp4626_c0_seq1"
"113","tscaffold9053_91256_94910__2051","comp12566_c0_seq1"
